{
  "comparison": "T4 vs T2 (logit)",
  "delta_margin": 0.03,
  "alpha": 0.05,
  "n_boot": 2000,
  "n_entities": 800,
  "n_launderers": 29,
  "dAUC_point": 0.04123619124290001,
  "dAUC_ci90": [
    0.011642667469986984,
    0.0764361898782014
  ],
  "boot_frac_above_margin": 0.6855,
  "boot_frac_below_neg_margin": 0.0,
  "verdict": "INCONCLUSIVE"
}