{
  "comparison": "T4 vs T2 (gboost)",
  "delta_margin": 0.03,
  "alpha": 0.05,
  "n_boot": 2000,
  "n_entities": 800,
  "n_launderers": 29,
  "dAUC_point": 0.07155955096381772,
  "dAUC_ci90": [
    0.018971641669000262,
    0.13789371763251945
  ],
  "boot_frac_above_margin": 0.876,
  "boot_frac_below_neg_margin": 0.0,
  "verdict": "INCONCLUSIVE"
}