{
  "comparison": "T3 vs T2 (gboost)",
  "delta_margin": 0.03,
  "alpha": 0.05,
  "n_boot": 2000,
  "n_entities": 800,
  "n_launderers": 29,
  "dAUC_point": 0.00429357305782907,
  "dAUC_ci90": [
    0.000361814516129122,
    0.010148579844475874
  ],
  "boot_frac_above_margin": 0.0,
  "boot_frac_below_neg_margin": 0.0,
  "verdict": "EQUIVALENT"
}