{
  "comparison": "T3 vs T2 (gboost)",
  "delta_margin": 0.03,
  "alpha": 0.05,
  "n_boot": 2000,
  "n_entities": 800,
  "n_launderers": 29,
  "dAUC_point": 0.07124647792835104,
  "dAUC_ci90": [
    0.018575278267809036,
    0.13771385291348281
  ],
  "boot_frac_above_margin": 0.8715,
  "boot_frac_below_neg_margin": 0.0,
  "verdict": "INCONCLUSIVE"
}