{
  "comparison": "T3 vs T2 (logit)",
  "delta_margin": 0.03,
  "alpha": 0.05,
  "n_boot": 2000,
  "n_entities": 800,
  "n_launderers": 29,
  "dAUC_point": 0.03457220805939443,
  "dAUC_ci90": [
    0.00540290695467508,
    0.06798413358333551
  ],
  "boot_frac_above_margin": 0.543,
  "boot_frac_below_neg_margin": 0.0,
  "verdict": "INCONCLUSIVE"
}